adian|adi57011|adian57011@gmail.com|123
ashrafee|adian|m.a.habib92@gmail.com|123
ayesha|ayesha12|ayesha33@gmail.com|143
abdul|adul22|abdul22@gmail.com|145
kohinoor|kohinoor57011|kohinoor57011@gmail.com|156
bristy|bristy55|bristy55@gmail.com|166
bob|bob12|bob@gmail.com|156
bob biswas|bob22|bob22@gmail.com|234
eren|eren2|eren@gmail.com|456
mahir|mahir12|mahir@gmail.com|456
abdul|abdul1|abdul1@gmail.com|146
